token_type;token_address;receiver;amount;id
Erc20;0x2986d9721A49838ab4297b695858aF7F17f38014;0x643c8A8120eFB675E82C5C58d8D473f5aDd0B5e6;0.000000001;
erc20;0x2986d9721A49838ab4297b695858aF7F17f38014;0x20cc148211CcddB9904e64895B59a6B313CC9fC3;0.000000001;
native;;0x643c8A8120eFB675E82C5C58d8D473f5aDd0B5e6;0.0001;
nft;0x32d8273909300339d01c097E3A79eA522C0CCb47;0x643c8A8120eFB675E82C5C58d8D473f5aDd0B5e6;;2